min_Evapo,max_Evapo,mean_Evapo,sum_Evapo,median_Evapo,stdv_Evapo,Year,Weather_station
1.41,6.32,4.32630434782609,398.02,4.69,1.19757788284328,2020,Los_Tilos
1.55,6.69,4.54934782608696,418.54,4.67,1.12617099432402,2020,San_Antonio_de_Naltahua
1.15,6.58,4.44782608695652,409.2,4.31,1.25131388186991,2020,San_Pedro_de_Melipilla
1.5,6.4,4.58913043478261,422.2,4.8,1.18102735327063,2020,Talagante_Talagante
