B1_median,B2_median,B3_median,B4_median,B5_median,B6_median,B7_median,B8_median,B8A_median,B9_median,B10_median,B11_median,B12_median,EVI_median,GNDVI_median,NDMI_median,NDVI_median,VH_median,VV_median,Year,Field
0.613187089562416,0.739256471395493,0.376692704856396,0.818678051233292,0.0125121006276459,0.0228511299937963,0.0575358085334301,0.0387202091515065,0.103593047708273,0.30921933054924,0.381581492722035,0.393183164298535,0.408858142793179,0.473590768873691,0.117458341643214,0.179822001606226,0.0970511920750141,-17.1310439109802,-10.531284570694,2020,THOMPSON LORETO
