B1_min,B2_min,B3_min,B4_min,B5_min,B6_min,B7_min,B8_min,B8A_min,B9_min,B10_min,B11_min,B12_min,EVI_min,GNDVI_min,NDMI_min,NDVI_min,VH_min,VV_min,Year,Field
0.176682703197003,0.405987821519375,-0.120757250115275,0.292642802000046,0.00164727703668177,0.0129990940913558,0.0503228036686778,0.0289756883867085,0.095409844070673,0.188921507447958,0.204975515604019,0.218581926077604,0.234509889036417,0.351560793817043,-0.0575118139386177,0.162453383207321,0.081816429272294,-21.1613984107971,-13.229583978653,2020,THOMPSON LORETO
