B1_median,B2_median,B3_median,B4_median,B5_median,B6_median,B7_median,B8_median,B8A_median,B9_median,B10_median,B11_median,B12_median,EVI_median,GNDVI_median,NDMI_median,NDVI_median,VH_median,VV_median,Year,Field
0.612566903233528,0.739376187324524,0.377048902213574,0.818597421050072,0.0123979866039008,0.022919109556824,0.0575851975008845,0.0387549232691526,0.10337789542973,0.309215135872364,0.381776481866837,0.392975956201553,0.409018307924271,0.473619900643826,0.116608778014779,0.179641399532557,0.0967019367963077,-17.1310439109802,-10.531284570694,2020,THOMPSON LORETO
