B1_mean,B2_mean,B3_mean,B4_mean,B5_mean,B6_mean,B7_mean,B8_mean,B8A_mean,B9_mean,B10_mean,B11_mean,B12_mean,EVI_mean,GNDVI_mean,NDMI_mean,NDVI_mean,VH_mean,VV_mean,Year,Field
0.540453687310219,0.698329016566277,0.296148560941219,0.747230678796769,0.0159679162316025,0.0277208029292524,0.0604262463748455,0.0479063093662262,0.108155023306608,0.287794701755047,0.350571058690548,0.360157579183578,0.376250967383384,0.470353573560714,0.649090021848679,0.189934883266688,0.112762531265617,-17.3327150344849,-10.5687372684479,2020,THOMPSON LORETO
