Year,Field,B1_mean,B2_mean,B3_mean,B4_mean,B5_mean,B6_mean,B7_mean,B8_mean,B8A_mean,B9_mean,B10_mean,B11_mean,B12_mean,EVI_mean,GNDVI_mean,NDMI_mean,NDVI_mean,VH_mean,VV_mean,min_Temp,max_Temp,mean_Temp,sum_Temp,median_Temp,stdv_Temp,min_Hum,max_Hum,mean_Hum,sum_Hum,median_Hum,stdv_Hum,min_GGD,max_GGD,mean_GGD,sum_GGD,median_GGD,stdv_GGD,min_Evapo,max_Evapo,mean_Evapo,sum_Evapo,median_Evapo,stdv_Evapo,N.Unit.He,K20.Unit.He,P.Unit.He,CaO.Unit.He,MgO.Unit.He
2020,THOMPSON LORETO,0.540453687310219,0.698329016566277,0.296148560941219,0.747230678796769,0.0159679162316025,0.0277208029292524,0.0604262463748455,0.0479063093662262,0.108155023306608,0.287794701755047,0.350571058690548,0.360157579183578,0.376250967383384,0.470353573560714,0.649090021848679,0.189934883266688,0.112762531265617,-17.3327150344849,-10.5687372684479,8.9,24.4,18.2021739130435,1674.6,18.55,3.33479749655781,40.8,79,56.6326086956522,5210.2,56.1,7.84239126875415,0,14.4,8.21847826086957,756.1,8.5,3.29441516588855,1.5,6.4,4.58913043478261,422.2,4.8,1.18102735327063,50,60,30,29.5,100
