Year,Field,B1_stdev,B2_stdev,B3_stdev,B4_stdev,B5_stdev,B6_stdev,B7_stdev,B8_stdev,B8A_stdev,B9_stdev,B10_stdev,B11_stdev,B12_stdev,EVI_stdev,GNDVI_stdev,NDMI_stdev,NDVI_stdev,VH_stdev,VV_stdev,min_Temp,max_Temp,mean_Temp,sum_Temp,median_Temp,stdv_Temp,min_Hum,max_Hum,mean_Hum,sum_Hum,median_Hum,stdv_Hum,min_GGD,max_GGD,mean_GGD,sum_GGD,median_GGD,stdv_GGD,min_Evapo,max_Evapo,mean_Evapo,sum_Evapo,median_Evapo,stdv_Evapo,N.Unit.He,K20.Unit.He,P.Unit.He,CaO.Unit.He,MgO.Unit.He
2020,THOMPSON LORETO,0.157311163842678,0.101462885737419,0.167172878980637,0.16254149749875,0.0147046076599508,0.015616490971297,0.0108072748407722,0.0243423013016582,0.014978168765083,0.0513382507488132,0.0738877449184656,0.0715922601521015,0.0731170792132616,0.0684116873890162,1.47111555933953,0.0310821663588286,0.0392203126102686,1.77065396308899,1.43056288361549,8.9,24.4,18.2021739130435,1674.6,18.55,3.33479749655781,40.8,79,56.6326086956522,5210.2,56.1,7.84239126875415,0,14.4,8.21847826086957,756.1,8.5,3.29441516588855,1.5,6.4,4.58913043478261,422.2,4.8,1.18102735327063,50,60,30,29.5,100
